id,name,e-mail,phone_number,address,info
10001,龙涛,user1@foxmail.com,13863651274,杭州,美食收藏家
10002,张桂,zhang2@outlook.com,13185072482,南宁,资深音乐工程师
10003,侯鑫,user3@163.com,18091359131,南宁,热爱读书
10004,蒋丽,user4@foxmail.com,13967398086,大连,美食书法家
10005,顾文,user5@outlook.com,18418209886,东莞,健身领域专家
10006,常桂,user6@163.com,13975416216,上海,摄影美食师
10007,尹刚,user7@163.com,13433242081,福州,美食绘画家
10008,万艳,user8@qq.com,13685064854,成都,江湖人称旅行
10009,曹昊,user9@foxmail.com,15669620292,天津,江湖人称花艺
10010,魏艳,user10@outlook.com,15295172121,厦门,资深美食工程师
10011,段艳,user11@126.com,18243885112,青岛,摄影收藏家
10012,魏娜,user12@outlook.com,15306965552,郑州,摄影领域专家
10013,康睿,user13@outlook.com,15271341536,武汉,美食音乐家
10014,常勇,user14@outlook.com,15053600555,杭州,健身收藏家
10015,郝芳,user15@outlook.com,13692593608,济南,职业写作选手
10016,廖梓,user16@gmail.com,15862493889,上海,擅长绘画
10017,文敏,user17@126.com,13643350155,宁波,美食健身家
10018,吴云,wu18@163.com,13311890909,成都,专注写作技术
10019,谭涛,user19@163.com,13304902777,福州,游戏收藏家
10020,贺然,user20@outlook.com,15045620486,重庆,摄影代码师
10021,雷云,user21@outlook.com,13716084596,深圳,热爱电影
10022,高昊,user22@gmail.com,15382792618,西安,江湖人称音乐
10023,丁倩,user23@gmail.com,18718151951,大连,摄影摄影师
10024,侯斌,user24@qq.com,13118040544,上海,热爱编程
10025,戴伟,user25@126.com,13660355429,郑州,法外狂徒达人
10026,罗飞,user26@gmail.com,13812209432,福州,职业咖啡选手
10027,郭玉兰,user27@163.com,18043470520,太原,旅游书法博主
10028,魏涵,user28@foxmail.com,18739244915,合肥,代码收藏家
10029,傅倩,user29@163.com,18940843020,杭州,代码领域专家
10030,孟博,user30@foxmail.com,13674080391,西安,江湖人称书法
10031,史玉兰,user31@foxmail.com,18402503393,石家庄,美食游戏家
10032,邵静,user32@163.com,13010195381,天津,资深摄影工程师
10033,贾梓,user33@126.com,18787734271,成都,江湖人称写作
10034,钟刚,user34@qq.com,13714679709,石家庄,咖啡收藏家
10035,许涛,user35@gmail.com,15359855439,长沙,旅游摄影博主
10036,林鑫,user36@163.com,13446472950,沈阳,专注美食技术
10037,徐秀兰,user37@qq.com,13982448318,福州,旅行收藏家
10038,叶慧,user38@163.com,18025396209,济南,热爱咖啡
10039,谭睿,user39@126.com,13611821680,杭州,游戏领域专家
10040,汪杰,user40@126.com,15329434070,合肥,热爱健身
10041,周博,zhou41@foxmail.com,15905108504,青岛,科技绘画迷
10042,石昊,user42@126.com,13561267039,济南,旅游设计博主
10043,刘鑫,liu43@gmail.com,13463349616,广州,读书达人
10044,苏娜,user44@outlook.com,15608492370,大连,江湖人称美食
10045,蔡丽,user45@outlook.com,13016798285,昆明,摄影设计师
10046,周磊,zhou46@163.com,13918757282,成都,写作达人
10047,任桂,user47@126.com,18367102867,北京,设计爱好者
10048,叶丽,user48@gmail.com,18011015030,长沙,围棋爱好者
10049,韩艳,user49@163.com,15125271714,合肥,资深咖啡工程师
10050,文浩,user50@outlook.com,13606609677,武汉,职业绘画选手
10051,吴斌,wu51@outlook.com,13635367873,上海,摄影代码师
10052,贾杰,user52@126.com,15309145102,成都,旅游绘画博主
10053,杨昊,yang53@qq.com,13180387232,沈阳,江湖人称书法
10054,黎刚,user54@163.com,13337750062,武汉,擅长代码
10055,廖斌,user55@outlook.com,18067031370,宁波,擅长书法
10056,袁浩,user56@foxmail.com,15658716604,哈尔滨,热爱绘画
10057,邱建,user57@gmail.com,13592993049,太原,摄影游戏师
10058,郝倩,user58@gmail.com,15168303575,北京,专注健身技术
10059,蔡磊,user59@qq.com,15242187558,重庆,职业围棋选手
10060,徐浩,user60@foxmail.com,13644170752,宁波,摄影设计师
10061,潘琪,user61@126.com,15923965415,广州,美食代码家
10062,秦超,user62@foxmail.com,15630828963,大连,旅游运动博主
10063,姜涛,user63@outlook.com,15589038213,宁波,江湖人称写作
10064,董琪,user64@foxmail.com,13445276153,沈阳,咖啡领域专家
10065,郑秀英,user65@gmail.com,18682104668,合肥,美食达人
10066,吴丽,wu66@qq.com,15887966302,太原,法外狂徒收藏家
10067,邵艳,user67@gmail.com,18576212921,南宁,健身收藏家
10068,谭霞,user68@163.com,15081211526,武汉,职业美食选手
10069,易然,user69@foxmail.com,18964208607,杭州,绘画领域专家
10070,魏静,user70@gmail.com,18260924665,宁波,游戏爱好者
10071,朱静,user71@qq.com,15254468959,太原,读书爱好者
10072,刘文,liu72@outlook.com,13040628758,广州,旅游写作博主
10073,邓辉,user73@foxmail.com,13479648869,重庆,设计领域专家
10074,侯刚,user74@gmail.com,18419715200,厦门,自由绘画人
10075,常博,user75@qq.com,13604574336,长沙,江湖人称健身
10076,邵云,user76@qq.com,18107336127,南京,自由写作人
10077,彭艳,user77@outlook.com,18947888325,重庆,擅长写作
10078,周文,zhou78@gmail.com,13516359942,济南,热爱摄影
10079,毛飞,user79@gmail.com,13582272546,济南,音乐领域专家
10080,赵然,zhao80@foxmail.com,15834207040,东莞,擅长美食
10081,唐萱,user81@126.com,15790911344,南宁,旅游代码博主
10082,郑艳,user82@gmail.com,13361299454,西安,旅游电影博主
10083,汪建,user83@gmail.com,18824465999,郑州,职业茶道选手
10084,萧秀兰,user84@126.com,15616627713,哈尔滨,专注电影技术
10085,徐桂,user85@126.com,13082644843,杭州,自由运动人
10086,文建,user86@163.com,18223108368,昆明,写作爱好者
10087,许宇,user87@foxmail.com,13229511805,西安,江湖人称电影
10088,冯斌,user88@gmail.com,15573850787,武汉,美食茶道家
10089,郭超,user89@gmail.com,18099773589,石家庄,旅游围棋博主
10090,汪睿,user90@gmail.com,13735347790,郑州,音乐收藏家
10091,魏洋,user91@gmail.com,15008626026,东莞,自由美食人
10092,沈子,user92@126.com,15867623587,贵阳,资深写作工程师
10093,常娜,user93@126.com,18794676666,长沙,自由读书人
10094,侯军,user94@outlook.com,15589254849,天津,摄影爱好者
10095,邓刚,user95@outlook.com,18619653915,青岛,音乐达人
10096,卢子,user96@126.com,18337824182,昆明,旅游法外狂徒博主
10097,雷洋,user97@163.com,13044166201,济南,摄影读书师
10098,高玉兰,user98@gmail.com,18965641422,昆明,自由摄影人
10099,姚鑫,user99@qq.com,13057604566,哈尔滨,美食爱好者
10100,张伟,zhang100@gmail.com,13433369854,西安,旅游书法博主
